from,ends with,dictionary.com
from,ends with,quora.com
from,is,email@activeoptimism.com
from,is,email@adjustableroi.com
from,is,email@attainmentsenterprise.com
from,is,email@awesomedividend.com
from,is,email@benefitdepreciation.com
from,is,email@brightcalmwallet.com
from,is,empire@builtanempire.com
from,is,email@calmengageinvest.com
from,is,deal@CardCamel.com
from,is,email@cherishedfunds.com
from,is,digital@computingvalue.com
from,is,email@developperformance.com
from,is,email@egofeather.com
from,is,coolstuff@em.funimation.com
from,is,email@endorsingbuyback.com
from,is,email@exhilaratinglyearnings.com
from,is,email@famedcollateralvalue.com
from,is,email@fanfareticker.com
from,is,email@habitrehabilitation.com
from,is,email@herbsresponsibility.com
from,is,culturetop@littlepit.net
from,is,empire@livelikeceleb.com
from,is,email@muscularantidote.com
from,is,email@nutritionrepresentative.com
from,is,empire@onealphabetics.com
from,is,admin@ozy.com
from,is,email@positivejazzercise.com
from,is,deal@saveinvestus.com
from,is,dealz@surprisingdealz.com
from,is,email@swimminginnovate.com
from,is,email@techincalrank.com
from,is,email@timeoutathlete.com
from,is,email@travelersbundle.com
from,is,email@travelwisebase.com
from,is,email@trayranch.com
from,is,email@twistreward.com
from,is,email@usa.buildingourmovement.com
from,is,email@validsee.com
