from,ends with,slickdeals.net
from,ends with,gab.com
from,ends with,dekudeals.com
from,is,updates@info.ballotpedia.org
from,is,info@info.cuballama.com
from,is,contacts@honestmed.com
from,is,smartoption@email.salliemae.com
from,is,NintyPricer@jasonridesabike.com
from,is,updates@academia-mail.com
from,is,ebay@reply.ebay.com
from,is,today@republicandaily.com
from,is,learn@itr.mail.codecademy.com
from,is,newsletter@ghostery.com
from,is,BestBuy@email.bestbuy.com
from,is,team@marketing.fitbod.app
from,is,nintendo-noreply@nintendo.net
